<?xml version="1.0" encoding="UTF-8"?>
<entity_customer>
  <fields id="firstname" class="Customer">
    <field name="id_gender" relation="gender"/>
    <field name="id_default_group"/>
    <field name="firstname"/>
    <field name="lastname"/>
    <field name="email"/>
    <field name="passwd"/>
    <field name="last_passwd_gen"/>
    <field name="birthday"/>
    <field name="newsletter"/>
    <field name="ip_registration_newsletter"/>
    <field name="newsletter_date_add"/>
    <field name="optin"/>
    <field name="secure_key"/>
    <field name="note"/>
    <field name="active"/>
    <field name="is_guest"/>
  </fields>
  <entities>
    <customer id="John" id_gender="1" id_default_group="3" firstname="John" lastname="DOE" passwd="75b019568bc6c84dda367661e855bdc2" last_passwd_gen="2012-02-01 09:08:06" birthday="1970-01-15" newsletter="1" ip_registration_newsletter="" newsletter_date_add="0000-00-00 00:00:00" optin="1" secure_key="b59e02456693eb0903a3645512ac9e1a" active="1" is_guest="0">
      <email>pub@prestashop.com</email>
      <note/>
    </customer>
  </entities>
</entity_customer>
