<?xml version="1.0"?>
<entity_product_attribute_image>
  <fields primary="id_product_attribute, id_image">
    <field name="id_product_attribute" relation="product_attribute"/>
    <field name="id_image" relation="image"/>
  </fields>
  <entities>
    <product_attribute_image id="product_attribute_image_12_0" id_product_attribute="product_attribute_12" id_image=""/>
    <product_attribute_image id="product_attribute_image_13_0" id_product_attribute="product_attribute_13" id_image=""/>
    <product_attribute_image id="product_attribute_image_14_0" id_product_attribute="product_attribute_14" id_image=""/>
    <product_attribute_image id="product_attribute_image_15_0" id_product_attribute="product_attribute_15" id_image=""/>
    <product_attribute_image id="product_attribute_image_19_0" id_product_attribute="product_attribute_19" id_image=""/>
    <product_attribute_image id="product_attribute_image_22_0" id_product_attribute="product_attribute_22" id_image=""/>
    <product_attribute_image id="product_attribute_image_23_0" id_product_attribute="product_attribute_23" id_image=""/>
    <product_attribute_image id="product_attribute_image_31_37" id_product_attribute="product_attribute_31" id_image="iPod_Nano"/>
    <product_attribute_image id="product_attribute_image_32_37" id_product_attribute="product_attribute_32" id_image="iPod_Nano"/>
    <product_attribute_image id="product_attribute_image_25_38" id_product_attribute="product_attribute_25" id_image="iPod_Nano_1"/>
    <product_attribute_image id="product_attribute_image_26_38" id_product_attribute="product_attribute_26" id_image="iPod_Nano_1"/>
    <product_attribute_image id="product_attribute_image_39_39" id_product_attribute="product_attribute_39" id_image="iPod_Nano_2"/>
    <product_attribute_image id="product_attribute_image_40_39" id_product_attribute="product_attribute_40" id_image="iPod_Nano_2"/>
    <product_attribute_image id="product_attribute_image_33_40" id_product_attribute="product_attribute_33" id_image="iPod_Nano_3"/>
    <product_attribute_image id="product_attribute_image_34_40" id_product_attribute="product_attribute_34" id_image="iPod_Nano_3"/>
    <product_attribute_image id="product_attribute_image_35_41" id_product_attribute="product_attribute_35" id_image="iPod_Nano_4"/>
    <product_attribute_image id="product_attribute_image_36_41" id_product_attribute="product_attribute_36" id_image="iPod_Nano_4"/>
    <product_attribute_image id="product_attribute_image_41_42" id_product_attribute="product_attribute_41" id_image="iPod_Nano_5"/>
    <product_attribute_image id="product_attribute_image_42_42" id_product_attribute="product_attribute_42" id_image="iPod_Nano_5"/>
    <product_attribute_image id="product_attribute_image_29_44" id_product_attribute="product_attribute_29" id_image="iPod_Nano_6"/>
    <product_attribute_image id="product_attribute_image_30_44" id_product_attribute="product_attribute_30" id_image="iPod_Nano_6"/>
    <product_attribute_image id="product_attribute_image_27_45" id_product_attribute="product_attribute_27" id_image="iPod_Nano_7"/>
    <product_attribute_image id="product_attribute_image_28_45" id_product_attribute="product_attribute_28" id_image="iPod_Nano_7"/>
    <product_attribute_image id="product_attribute_image_7_46" id_product_attribute="product_attribute_7" id_image="iPod_shuffle"/>
    <product_attribute_image id="product_attribute_image_8_47" id_product_attribute="product_attribute_8" id_image="iPod_shuffle_1"/>
    <product_attribute_image id="product_attribute_image_10_48" id_product_attribute="product_attribute_10" id_image="iPod_shuffle_2"/>
    <product_attribute_image id="product_attribute_image_9_49" id_product_attribute="product_attribute_9" id_image="iPod_shuffle_3"/>
  </entities>
</entity_product_attribute_image>
