<?xml version="1.0" encoding="UTF-8"?>
<localizationPack name="Greece" version="1.0">
  <currencies>
    <currency name="Euro" iso_code="EUR" iso_code_num="978" sign="€" blank="1" conversion_rate="1.00" format="2" decimals="1"/>
  </currencies>
  <languages>
    <language iso_code="el"/>
  </languages>
  <taxes>
    <tax id="1" name="ΦΠΑ GR 23%" rate="23" eu-tax-group="virtual"/>
    <tax id="2" name="ΦΠΑ GR 13%" rate="13"/>
    <tax id="3" name="ΦΠΑ GR 6.5%" rate="6.5"/>
    <tax id="4" name="ΦΠΑ GR 16%" rate="16"/>
    <tax id="5" name="ΦΠΑ GR 8%" rate="8"/>
    <tax id="6" name="ΦΠΑ GR 4%" rate="4"/>
    <tax id="7" name="USt. AT 20%" rate="20" auto-generated="1" from-eu-tax-group="virtual"/>
    <tax id="8" name="TVA BE 21%" rate="21" auto-generated="1" from-eu-tax-group="virtual"/>
    <tax id="9" name="ДДС BG 20%" rate="20" auto-generated="1" from-eu-tax-group="virtual"/>
    <tax id="10" name="ΦΠΑ CY 19%" rate="19" auto-generated="1" from-eu-tax-group="virtual"/>
    <tax id="11" name="DPH CZ 21%" rate="21" auto-generated="1" from-eu-tax-group="virtual"/>
    <tax id="12" name="MwSt. DE 19%" rate="19" auto-generated="1" from-eu-tax-group="virtual"/>
    <tax id="13" name="moms DK 25%" rate="25" auto-generated="1" from-eu-tax-group="virtual"/>
    <tax id="14" name="km EE 20%" rate="20" auto-generated="1" from-eu-tax-group="virtual"/>
    <tax id="15" name="IVA ES 21%" rate="21" auto-generated="1" from-eu-tax-group="virtual"/>
    <tax id="16" name="ALV FI 24%" rate="24" auto-generated="1" from-eu-tax-group="virtual"/>
    <tax id="17" name="TVA FR 20%" rate="20" auto-generated="1" from-eu-tax-group="virtual"/>
    <tax id="18" name="VAT UK 20%" rate="20.0" auto-generated="1" from-eu-tax-group="virtual"/>
    <tax id="19" name="Croatia PDV 25%" rate="25.000" auto-generated="1" from-eu-tax-group="virtual"/>
    <tax id="20" name="ÁFA HU 27%" rate="27" auto-generated="1" from-eu-tax-group="virtual"/>
    <tax id="21" name="VAT IE 23%" rate="23" auto-generated="1" from-eu-tax-group="virtual"/>
    <tax id="22" name="IVA IT 22%" rate="22" auto-generated="1" from-eu-tax-group="virtual"/>
    <tax id="23" name="PVM LT 21%" rate="21" auto-generated="1" from-eu-tax-group="virtual"/>
    <tax id="24" name="TVA LU 17%" rate="17" auto-generated="1" from-eu-tax-group="virtual"/>
    <tax id="25" name="PVN LV 21%" rate="21" auto-generated="1" from-eu-tax-group="virtual"/>
    <tax id="26" name="VAT MT 18%" rate="18" auto-generated="1" from-eu-tax-group="virtual"/>
    <tax id="27" name="BTW NL 21%" rate="21" auto-generated="1" from-eu-tax-group="virtual"/>
    <tax id="28" name="PTU PL 23%" rate="23" auto-generated="1" from-eu-tax-group="virtual"/>
    <tax id="29" name="IVA PT 23%" rate="23" auto-generated="1" from-eu-tax-group="virtual"/>
    <tax id="30" name="TVA RO 24%" rate="24" auto-generated="1" from-eu-tax-group="virtual"/>
    <tax id="31" name="Moms SE 25%" rate="25" auto-generated="1" from-eu-tax-group="virtual"/>
    <tax id="32" name="DDV SI 22%" rate="22" auto-generated="1" from-eu-tax-group="virtual"/>
    <tax id="33" name="DPH SK 20%" rate="20" auto-generated="1" from-eu-tax-group="virtual"/>
    <taxRulesGroup name="GR Standard Rate (23%)">
      <taxRule iso_code_country="be" id_tax="1"/>
      <taxRule iso_code_country="bg" id_tax="1"/>
      <taxRule iso_code_country="cz" id_tax="1"/>
      <taxRule iso_code_country="dk" id_tax="1"/>
      <taxRule iso_code_country="de" id_tax="1"/>
      <taxRule iso_code_country="ee" id_tax="1"/>
      <taxRule iso_code_country="gr" id_tax="1"/>
      <taxRule iso_code_country="es" id_tax="1"/>
      <taxRule iso_code_country="fr" id_tax="1"/>
      <taxRule iso_code_country="ie" id_tax="1"/>
      <taxRule iso_code_country="it" id_tax="1"/>
      <taxRule iso_code_country="cy" id_tax="1"/>
      <taxRule iso_code_country="lv" id_tax="1"/>
      <taxRule iso_code_country="lt" id_tax="1"/>
      <taxRule iso_code_country="lu" id_tax="1"/>
      <taxRule iso_code_country="hu" id_tax="1"/>
      <taxRule iso_code_country="mt" id_tax="1"/>
      <taxRule iso_code_country="nl" id_tax="1"/>
      <taxRule iso_code_country="at" id_tax="1"/>
      <taxRule iso_code_country="pl" id_tax="1"/>
      <taxRule iso_code_country="pt" id_tax="1"/>
      <taxRule iso_code_country="ro" id_tax="1"/>
      <taxRule iso_code_country="si" id_tax="1"/>
      <taxRule iso_code_country="sk" id_tax="1"/>
      <taxRule iso_code_country="fi" id_tax="1"/>
      <taxRule iso_code_country="se" id_tax="1"/>
      <taxRule iso_code_country="uk" id_tax="1"/>
    </taxRulesGroup>
    <taxRulesGroup name="GR Reduced Rate (13%)">
      <taxRule iso_code_country="be" id_tax="2"/>
      <taxRule iso_code_country="bg" id_tax="2"/>
      <taxRule iso_code_country="cz" id_tax="2"/>
      <taxRule iso_code_country="dk" id_tax="2"/>
      <taxRule iso_code_country="de" id_tax="2"/>
      <taxRule iso_code_country="ee" id_tax="2"/>
      <taxRule iso_code_country="gr" id_tax="2"/>
      <taxRule iso_code_country="es" id_tax="2"/>
      <taxRule iso_code_country="fr" id_tax="2"/>
      <taxRule iso_code_country="ie" id_tax="2"/>
      <taxRule iso_code_country="it" id_tax="2"/>
      <taxRule iso_code_country="cy" id_tax="2"/>
      <taxRule iso_code_country="lv" id_tax="2"/>
      <taxRule iso_code_country="lt" id_tax="2"/>
      <taxRule iso_code_country="lu" id_tax="2"/>
      <taxRule iso_code_country="hu" id_tax="2"/>
      <taxRule iso_code_country="mt" id_tax="2"/>
      <taxRule iso_code_country="nl" id_tax="2"/>
      <taxRule iso_code_country="at" id_tax="2"/>
      <taxRule iso_code_country="pl" id_tax="2"/>
      <taxRule iso_code_country="pt" id_tax="2"/>
      <taxRule iso_code_country="ro" id_tax="2"/>
      <taxRule iso_code_country="si" id_tax="2"/>
      <taxRule iso_code_country="sk" id_tax="2"/>
      <taxRule iso_code_country="fi" id_tax="2"/>
      <taxRule iso_code_country="se" id_tax="2"/>
      <taxRule iso_code_country="uk" id_tax="2"/>
    </taxRulesGroup>
    <taxRulesGroup name="GR Super Reduced Rate (6.5%)">
      <taxRule iso_code_country="be" id_tax="3"/>
      <taxRule iso_code_country="bg" id_tax="3"/>
      <taxRule iso_code_country="cz" id_tax="3"/>
      <taxRule iso_code_country="dk" id_tax="3"/>
      <taxRule iso_code_country="de" id_tax="3"/>
      <taxRule iso_code_country="ee" id_tax="3"/>
      <taxRule iso_code_country="gr" id_tax="3"/>
      <taxRule iso_code_country="es" id_tax="3"/>
      <taxRule iso_code_country="fr" id_tax="3"/>
      <taxRule iso_code_country="ie" id_tax="3"/>
      <taxRule iso_code_country="it" id_tax="3"/>
      <taxRule iso_code_country="cy" id_tax="3"/>
      <taxRule iso_code_country="lv" id_tax="3"/>
      <taxRule iso_code_country="lt" id_tax="3"/>
      <taxRule iso_code_country="lu" id_tax="3"/>
      <taxRule iso_code_country="hu" id_tax="3"/>
      <taxRule iso_code_country="mt" id_tax="3"/>
      <taxRule iso_code_country="nl" id_tax="3"/>
      <taxRule iso_code_country="at" id_tax="3"/>
      <taxRule iso_code_country="pl" id_tax="3"/>
      <taxRule iso_code_country="pt" id_tax="3"/>
      <taxRule iso_code_country="ro" id_tax="3"/>
      <taxRule iso_code_country="si" id_tax="3"/>
      <taxRule iso_code_country="sk" id_tax="3"/>
      <taxRule iso_code_country="fi" id_tax="3"/>
      <taxRule iso_code_country="se" id_tax="3"/>
      <taxRule iso_code_country="uk" id_tax="3"/>
    </taxRulesGroup>
    <taxRulesGroup name="GR islands Standard Rate (16%)">
      <taxRule iso_code_country="be" id_tax="4"/>
      <taxRule iso_code_country="bg" id_tax="4"/>
      <taxRule iso_code_country="cz" id_tax="4"/>
      <taxRule iso_code_country="dk" id_tax="4"/>
      <taxRule iso_code_country="de" id_tax="4"/>
      <taxRule iso_code_country="ee" id_tax="4"/>
      <taxRule iso_code_country="gr" id_tax="4"/>
      <taxRule iso_code_country="es" id_tax="4"/>
      <taxRule iso_code_country="fr" id_tax="4"/>
      <taxRule iso_code_country="ie" id_tax="4"/>
      <taxRule iso_code_country="it" id_tax="4"/>
      <taxRule iso_code_country="cy" id_tax="4"/>
      <taxRule iso_code_country="lv" id_tax="4"/>
      <taxRule iso_code_country="lt" id_tax="4"/>
      <taxRule iso_code_country="lu" id_tax="4"/>
      <taxRule iso_code_country="hu" id_tax="4"/>
      <taxRule iso_code_country="mt" id_tax="4"/>
      <taxRule iso_code_country="nl" id_tax="4"/>
      <taxRule iso_code_country="at" id_tax="4"/>
      <taxRule iso_code_country="pl" id_tax="4"/>
      <taxRule iso_code_country="pt" id_tax="4"/>
      <taxRule iso_code_country="ro" id_tax="4"/>
      <taxRule iso_code_country="si" id_tax="4"/>
      <taxRule iso_code_country="sk" id_tax="4"/>
      <taxRule iso_code_country="fi" id_tax="4"/>
      <taxRule iso_code_country="se" id_tax="4"/>
      <taxRule iso_code_country="uk" id_tax="4"/>
    </taxRulesGroup>
    <taxRulesGroup name="GR islands Reduced Rate (8%)">
      <taxRule iso_code_country="be" id_tax="5"/>
      <taxRule iso_code_country="bg" id_tax="5"/>
      <taxRule iso_code_country="cz" id_tax="5"/>
      <taxRule iso_code_country="dk" id_tax="5"/>
      <taxRule iso_code_country="de" id_tax="5"/>
      <taxRule iso_code_country="ee" id_tax="5"/>
      <taxRule iso_code_country="gr" id_tax="5"/>
      <taxRule iso_code_country="es" id_tax="5"/>
      <taxRule iso_code_country="fr" id_tax="5"/>
      <taxRule iso_code_country="ie" id_tax="5"/>
      <taxRule iso_code_country="it" id_tax="5"/>
      <taxRule iso_code_country="cy" id_tax="5"/>
      <taxRule iso_code_country="lv" id_tax="5"/>
      <taxRule iso_code_country="lt" id_tax="5"/>
      <taxRule iso_code_country="lu" id_tax="5"/>
      <taxRule iso_code_country="hu" id_tax="5"/>
      <taxRule iso_code_country="mt" id_tax="5"/>
      <taxRule iso_code_country="nl" id_tax="5"/>
      <taxRule iso_code_country="at" id_tax="5"/>
      <taxRule iso_code_country="pl" id_tax="5"/>
      <taxRule iso_code_country="pt" id_tax="5"/>
      <taxRule iso_code_country="ro" id_tax="5"/>
      <taxRule iso_code_country="si" id_tax="5"/>
      <taxRule iso_code_country="sk" id_tax="5"/>
      <taxRule iso_code_country="fi" id_tax="5"/>
      <taxRule iso_code_country="se" id_tax="5"/>
      <taxRule iso_code_country="uk" id_tax="5"/>
    </taxRulesGroup>
    <taxRulesGroup name="GR islands Super Reduced Rate (4%)">
      <taxRule iso_code_country="be" id_tax="6"/>
      <taxRule iso_code_country="bg" id_tax="6"/>
      <taxRule iso_code_country="cz" id_tax="6"/>
      <taxRule iso_code_country="dk" id_tax="6"/>
      <taxRule iso_code_country="de" id_tax="6"/>
      <taxRule iso_code_country="ee" id_tax="6"/>
      <taxRule iso_code_country="gr" id_tax="6"/>
      <taxRule iso_code_country="es" id_tax="6"/>
      <taxRule iso_code_country="fr" id_tax="6"/>
      <taxRule iso_code_country="ie" id_tax="6"/>
      <taxRule iso_code_country="it" id_tax="6"/>
      <taxRule iso_code_country="cy" id_tax="6"/>
      <taxRule iso_code_country="lv" id_tax="6"/>
      <taxRule iso_code_country="lt" id_tax="6"/>
      <taxRule iso_code_country="lu" id_tax="6"/>
      <taxRule iso_code_country="hu" id_tax="6"/>
      <taxRule iso_code_country="mt" id_tax="6"/>
      <taxRule iso_code_country="nl" id_tax="6"/>
      <taxRule iso_code_country="at" id_tax="6"/>
      <taxRule iso_code_country="pl" id_tax="6"/>
      <taxRule iso_code_country="pt" id_tax="6"/>
      <taxRule iso_code_country="ro" id_tax="6"/>
      <taxRule iso_code_country="si" id_tax="6"/>
      <taxRule iso_code_country="sk" id_tax="6"/>
      <taxRule iso_code_country="fi" id_tax="6"/>
      <taxRule iso_code_country="se" id_tax="6"/>
      <taxRule iso_code_country="uk" id_tax="6"/>
    </taxRulesGroup>
    <taxRulesGroup name="EU VAT For Virtual Products" auto-generated="1" eu-tax-group="virtual">
      <taxRule iso_code_country="gr" id_tax="1"/>
      <taxRule iso_code_country="at" id_tax="7"/>
      <taxRule iso_code_country="be" id_tax="8"/>
      <taxRule iso_code_country="bg" id_tax="9"/>
      <taxRule iso_code_country="cy" id_tax="10"/>
      <taxRule iso_code_country="cz" id_tax="11"/>
      <taxRule iso_code_country="de" id_tax="12"/>
      <taxRule iso_code_country="dk" id_tax="13"/>
      <taxRule iso_code_country="ee" id_tax="14"/>
      <taxRule iso_code_country="es" id_tax="15"/>
      <taxRule iso_code_country="fi" id_tax="16"/>
      <taxRule iso_code_country="fr" id_tax="17"/>
      <taxRule iso_code_country="gb" id_tax="18"/>
      <taxRule iso_code_country="hr" id_tax="19"/>
      <taxRule iso_code_country="hu" id_tax="20"/>
      <taxRule iso_code_country="ie" id_tax="21"/>
      <taxRule iso_code_country="it" id_tax="22"/>
      <taxRule iso_code_country="lt" id_tax="23"/>
      <taxRule iso_code_country="lu" id_tax="24"/>
      <taxRule iso_code_country="lv" id_tax="25"/>
      <taxRule iso_code_country="mt" id_tax="26"/>
      <taxRule iso_code_country="nl" id_tax="27"/>
      <taxRule iso_code_country="pl" id_tax="28"/>
      <taxRule iso_code_country="pt" id_tax="29"/>
      <taxRule iso_code_country="ro" id_tax="30"/>
      <taxRule iso_code_country="se" id_tax="31"/>
      <taxRule iso_code_country="si" id_tax="32"/>
      <taxRule iso_code_country="sk" id_tax="33"/>
    </taxRulesGroup>
  </taxes>
  <units>
    <unit type="weight" value="kg"/>
    <unit type="volume" value="L"/>
    <unit type="short_distance" value="cm"/>
    <unit type="base_distance" value="m"/>
    <unit type="long_distance" value="km"/>
  </units>
  <state>
    <state name="Άγιο Όρος" iso_code="GR-69" country="GR" zone="Europe"/>
    <state name="Αιτωλοακαρνανίας" iso_code="GR-01" country="GR" zone="Europe"/>
    <state name="Αργολίδας" iso_code="GR-11" country="GR" zone="Europe"/>
    <state name="Αρκαδίας" iso_code="GR-12" country="GR" zone="Europe"/>
    <state name="Άρτας" iso_code="GR-31" country="GR" zone="Europe"/>
    <state name="Αττικής" iso_code="GR-A1" country="GR" zone="Europe"/>
    <state name="Αχαΐας" iso_code="GR-13" country="GR" zone="Europe"/>
    <state name="Βοιωτίας" iso_code="GR-03" country="GR" zone="Europe"/>
    <state name="Γρεβενών" iso_code="GR-51" country="GR" zone="Europe"/>
    <state name="Δράμας" iso_code="GR-52" country="GR" zone="Europe"/>
    <state name="Δωδεκανήσου" iso_code="GR-81" country="GR" zone="Europe"/>
    <state name="Ευρυτανίας" iso_code="GR-05" country="GR" zone="Europe"/>
    <state name="Εύβοιας" iso_code="GR-04" country="GR" zone="Europe"/>
    <state name="Έβρου" iso_code="GR-71" country="GR" zone="Europe"/>
    <state name="Ζακύνθου" iso_code="GR-21" country="GR" zone="Europe"/>
    <state name="Ηλείας" iso_code="GR-14" country="GR" zone="Europe"/>
    <state name="Ημαθίας" iso_code="GR-53" country="GR" zone="Europe"/>
    <state name="Ηρακλείου" iso_code="GR-91" country="GR" zone="Europe"/>
    <state name="Θεσπρωτίας" iso_code="GR-32" country="GR" zone="Europe"/>
    <state name="Θεσσαλονίκης" iso_code="GR-54" country="GR" zone="Europe"/>
    <state name="Ιωαννίνων" iso_code="GR-33" country="GR" zone="Europe"/>
    <state name="Κέρκυρας" iso_code="GR-22" country="GR" zone="Europe"/>
    <state name="Καβάλας" iso_code="GR-55" country="GR" zone="Europe"/>
    <state name="Καρδίτσας" iso_code="GR-41" country="GR" zone="Europe"/>
    <state name="Καστοριάς" iso_code="GR-56" country="GR" zone="Europe"/>
    <state name="Κεφαλληνίας" iso_code="GR-23" country="GR" zone="Europe"/>
    <state name="Κιλκίς" iso_code="GR-57" country="GR" zone="Europe"/>
    <state name="Κοζάνης" iso_code="GR-58" country="GR" zone="Europe"/>
    <state name="Κορινθίας" iso_code="GR-15" country="GR" zone="Europe"/>
    <state name="Κυκλάδων" iso_code="GR-82" country="GR" zone="Europe"/>
    <state name="Λάρισας" iso_code="GR-42" country="GR" zone="Europe"/>
    <state name="Λέσβου" iso_code="GR-83" country="GR" zone="Europe"/>
    <state name="Λακωνίας" iso_code="GR-16" country="GR" zone="Europe"/>
    <state name="Λασιθίου" iso_code="GR-92" country="GR" zone="Europe"/>
    <state name="Λευκάδας" iso_code="GR-24" country="GR" zone="Europe"/>
    <state name="Μαγνησίας" iso_code="GR-43" country="GR" zone="Europe"/>
    <state name="Μεσσηνίας" iso_code="GR-17" country="GR" zone="Europe"/>
    <state name="Ξάνθης" iso_code="GR-72" country="GR" zone="Europe"/>
    <state name="Πέλλας" iso_code="GR-59" country="GR" zone="Europe"/>
    <state name="Πιερίας" iso_code="GR-61" country="GR" zone="Europe"/>
    <state name="Πρέβεζας" iso_code="GR-34" country="GR" zone="Europe"/>
    <state name="Ρεθύμνου" iso_code="GR-93" country="GR" zone="Europe"/>
    <state name="Ροδόπης" iso_code="GR-73" country="GR" zone="Europe"/>
    <state name="Σάμου" iso_code="GR-84" country="GR" zone="Europe"/>
    <state name="Σερρών" iso_code="GR-62" country="GR" zone="Europe"/>
    <state name="Τρικάλων" iso_code="GR-44" country="GR" zone="Europe"/>
    <state name="Φθιώτιδας" iso_code="GR-06" country="GR" zone="Europe"/>
    <state name="Φλώρινας" iso_code="GR-63" country="GR" zone="Europe"/>
    <state name="Φωκίδας" iso_code="GR-07" country="GR" zone="Europe"/>
    <state name="Χίου" iso_code="GR-85" country="GR" zone="Europe"/>
    <state name="Χαλκιδικής" iso_code="GR-64" country="GR" zone="Europe"/>
    <state name="Χανίων" iso_code="GR-94" country="GR" zone="Europe"/>
  </state>
</localizationPack>
